"","AAA123excel","BBB123access","CCC123powerpoint"
"200080221","0.34765","0.16278","0.35894"
"200080222","0.81181","0.45774","0.78874"
"200080224","0.86859","0.43926","0.80475"
"200080225","0.99163","0.28901","0.17321"
"200080226","0.84789","0.31454","0.54804"
