"","AAA123excel","BBB123access","CCC123powerpoint"
"200080221","0.34765","0.16278","0.35894"
"200080222","0.81181","0.45774","0.78874"
